#,Name,Type 1,Type 2,Total,HP,Attack,Defense,Sp. Atk,Sp. Def,Speed,Generation,Legendary
1,Bulbizarre,Plante,Poison,318,45,49,49,65,65,45,1,False
2,Herbizarre,Plante,Poison,405,60,62,63,80,80,60,1,False
3,Florizarre,Plante,Poison,525,80,82,83,100,100,80,1,False
3,FlorizarreMéga-Florizarre,Plante,Poison,625,80,100,123,122,120,80,1,False
4,Salamèche,Feu,,309,39,52,43,60,50,65,1,False
5,Reptincel,Feu,,405,58,64,58,80,65,80,1,False
6,Dracaufeu,Feu,Vol,534,78,84,78,109,85,100,1,False
6,DracaufeuMéga-Dracaufeu X,Feu,Dragon,634,78,130,111,130,85,100,1,False
6,DracaufeuMéga-Dracaufeu Y,Feu,Vol,634,78,104,78,159,115,100,1,False
7,Carapuce,Eau,,314,44,48,65,50,64,43,1,False
8,Carabaffe,Eau,,405,59,63,80,65,80,58,1,False
9,Tortank,Eau,,530,79,83,100,85,105,78,1,False
9,TortankMéga-Tortank,Eau,,630,79,103,120,135,115,78,1,False
10,Chenipan,Insecte,,195,45,30,35,20,20,45,1,False
11,Chrysacier,Insecte,,205,50,20,55,25,25,30,1,False
12,Papilusion,Insecte,Vol,395,60,45,50,90,80,70,1,False
13,Aspicot,Insecte,Poison,195,40,35,30,20,20,50,1,False
14,Coconfort,Insecte,Poison,205,45,25,50,25,25,35,1,False
15,Dardargnan,Insecte,Poison,395,65,90,40,45,80,75,1,False
15,DardargnanMéga-Dardargnan,Insecte,Poison,495,65,150,40,15,80,145,1,False
16,Roucool,Normal,Vol,251,40,45,40,35,35,56,1,False
17,Roucoups,Normal,Vol,349,63,60,55,50,50,71,1,False
18,Roucarnage,Normal,Vol,479,83,80,75,70,70,101,1,False
18,RoucarnageMéga-Roucarnage,Normal,Vol,579,83,80,80,135,80,121,1,False
19,Rattata,Normal,,253,30,56,35,25,35,72,1,False
20,Rattatac,Normal,,413,55,81,60,50,70,97,1,False
21,Piafabec,Normal,Vol,262,40,60,30,31,31,70,1,False
22,Rapasdepic,Normal,Vol,442,65,90,65,61,61,100,1,False
23,Abo,Poison,,288,35,60,44,40,54,55,1,False
24,Arbok,Poison,,438,60,85,69,65,79,80,1,False
25,Pikachu,Electrik,,320,35,55,40,50,50,90,1,False
26,Raichu,Electrik,,485,60,90,55,90,80,110,1,False
27,Sabelette,Sol,,300,50,75,85,20,30,40,1,False
28,Sablaireau,Sol,,450,75,100,110,45,55,65,1,False
29,Nidoran♀,Poison,,275,55,47,52,40,40,41,1,False
30,Nidorina,Poison,,365,70,62,67,55,55,56,1,False
31,Nidoqueen,Poison,Sol,505,90,92,87,75,85,76,1,False
32,Nidoran♂,Poison,,273,46,57,40,40,40,50,1,False
33,Nidorino,Poison,,365,61,72,57,55,55,65,1,False
34,Nidoking,Poison,Sol,505,81,102,77,85,75,85,1,False
35,Mélofée,Fee,,323,70,45,48,60,65,35,1,False
36,Mélodelfe,Fee,,483,95,70,73,95,90,60,1,False
37,Goupix,Feu,,299,38,41,40,50,65,65,1,False
38,Feunard,Feu,,505,73,76,75,81,100,100,1,False
39,Rondoudou,Normal,Fee,270,115,45,20,45,25,20,1,False
40,Grodoudou,Normal,Fee,435,140,70,45,85,50,45,1,False
41,Nosferapti,Poison,Vol,245,40,45,35,30,40,55,1,False
42,Nosferalto,Poison,Vol,455,75,80,70,65,75,90,1,False
43,Mystherbe,Plante,Poison,320,45,50,55,75,65,30,1,False
44,Ortide,Plante,Poison,395,60,65,70,85,75,40,1,False
45,Rafflesia,Plante,Poison,490,75,80,85,110,90,50,1,False
46,Paras,Insecte,Plante,285,35,70,55,45,55,25,1,False
47,Parasect,Insecte,Plante,405,60,95,80,60,80,30,1,False
48,Mimitoss,Insecte,Poison,305,60,55,50,40,55,45,1,False
49,Aéromite,Insecte,Poison,450,70,65,60,90,75,90,1,False
50,Taupiqueur,Sol,,265,10,55,25,35,45,95,1,False
51,Triopikeur,Sol,,405,35,80,50,50,70,120,1,False
52,Miaouss,Normal,,290,40,45,35,40,40,90,1,False
53,Persian,Normal,,440,65,70,60,65,65,115,1,False
54,Psykokwak,Eau,,320,50,52,48,65,50,55,1,False
55,Akwakwak,Eau,,500,80,82,78,95,80,85,1,False
56,Férosinge,Combat,,305,40,80,35,35,45,70,1,False
57,Colossinge,Combat,,455,65,105,60,60,70,95,1,False
58,Caninos,Feu,,350,55,70,45,70,50,60,1,False
59,Arcanin,Feu,,555,90,110,80,100,80,95,1,False
60,Ptitard,Eau,,300,40,50,40,40,40,90,1,False
61,Têtarte,Eau,,385,65,65,65,50,50,90,1,False
62,Tartard,Eau,Combat,510,90,95,95,70,90,70,1,False
63,Abra,Psy,,310,25,20,15,105,55,90,1,False
64,Kadabra,Psy,,400,40,35,30,120,70,105,1,False
65,Alakazam,Psy,,500,55,50,45,135,95,120,1,False
65,AlakazamMéga-Alakazam,Psy,,590,55,50,65,175,95,150,1,False
66,Machoc,Combat,,305,70,80,50,35,35,35,1,False
67,Machopeur,Combat,,405,80,100,70,50,60,45,1,False
68,Mackogneur,Combat,,505,90,130,80,65,85,55,1,False
69,Chétiflor,Plante,Poison,300,50,75,35,70,30,40,1,False
70,Boustiflor,Plante,Poison,390,65,90,50,85,45,55,1,False
71,Empiflor,Plante,Poison,490,80,105,65,100,70,70,1,False
72,Tentacool,Eau,Poison,335,40,40,35,50,100,70,1,False
73,Tentacruel,Eau,Poison,515,80,70,65,80,120,100,1,False
74,Racaillou,Roche,Sol,300,40,80,100,30,30,20,1,False
75,Gravalanch,Roche,Sol,390,55,95,115,45,45,35,1,False
76,Grolem,Roche,Sol,495,80,120,130,55,65,45,1,False
77,Ponyta,Feu,,410,50,85,55,65,65,90,1,False
78,Galopa,Feu,,500,65,100,70,80,80,105,1,False
79,Ramoloss,Eau,Psy,315,90,65,65,40,40,15,1,False
80,Flagadoss,Eau,Psy,490,95,75,110,100,80,30,1,False
80,FlagadossMéga-Flagadoss,Eau,Psy,590,95,75,180,130,80,30,1,False
81,Magnéti,Electrik,Acier,325,25,35,70,95,55,45,1,False
82,Magnéton,Electrik,Acier,465,50,60,95,120,70,70,1,False
83,Canarticho,Normal,Vol,352,52,65,55,58,62,60,1,False
84,Doduo,Normal,Vol,310,35,85,45,35,35,75,1,False
85,Dodrio,Normal,Vol,460,60,110,70,60,60,100,1,False
86,Otaria,Eau,,325,65,45,55,45,70,45,1,False
87,Lamantine,Eau,Glace,475,90,70,80,70,95,70,1,False
88,Tadmorv,Poison,,325,80,80,50,40,50,25,1,False
89,Grotadmorv,Poison,,500,105,105,75,65,100,50,1,False
90,Kokiyas,Eau,,305,30,65,100,45,25,40,1,False
91,Crustabri,Eau,Glace,525,50,95,180,85,45,70,1,False
92,Fantominus,Spectre,Poison,310,30,35,30,100,35,80,1,False
93,Spectrum,Spectre,Poison,405,45,50,45,115,55,95,1,False
94,Ectoplasma,Spectre,Poison,500,60,65,60,130,75,110,1,False
94,EctoplasmaMéga-Ectoplasma,Spectre,Poison,600,60,65,80,170,95,130,1,False
95,Onix,Roche,Sol,385,35,45,160,30,45,70,1,False
96,Soporifik,Psy,,328,60,48,45,43,90,42,1,False
97,Hypnomade,Psy,,483,85,73,70,73,115,67,1,False
98,Krabby,Eau,,325,30,105,90,25,25,50,1,False
99,Krabboss,Eau,,475,55,130,115,50,50,75,1,False
100,Voltorbe,Electrik,,330,40,30,50,55,55,100,1,False
101,Électrode,Electrik,,480,60,50,70,80,80,140,1,False
102,Noeunoeuf,Plante,Psy,325,60,40,80,60,45,40,1,False
103,Noadkoko,Plante,Psy,520,95,95,85,125,65,55,1,False
104,Osselait,Sol,,320,50,50,95,40,50,35,1,False
105,Ossatueur,Sol,,425,60,80,110,50,80,45,1,False
106,Kicklee,Combat,,455,50,120,53,35,110,87,1,False
107,Tygnon,Combat,,455,50,105,79,35,110,76,1,False
108,Excelangue,Normal,,385,90,55,75,60,75,30,1,False
109,Smogo,Poison,,340,40,65,95,60,45,35,1,False
110,Smogogo,Poison,,490,65,90,120,85,70,60,1,False
111,Rhinocorne,Sol,Roche,345,80,85,95,30,30,25,1,False
112,Rhinoféros,Sol,Roche,485,105,130,120,45,45,40,1,False
113,Leveinard,Normal,,450,250,5,5,35,105,50,1,False
114,Saquedeneu,Plante,,435,65,55,115,100,40,60,1,False
115,Kangourex,Normal,,490,105,95,80,40,80,90,1,False
115,KangourexMéga-Kangourex,Normal,,590,105,125,100,60,100,100,1,False
116,Hypotrempe,Eau,,295,30,40,70,70,25,60,1,False
117,Hypocéan,Eau,,440,55,65,95,95,45,85,1,False
118,Poissirène,Eau,,320,45,67,60,35,50,63,1,False
119,Poissoroy,Eau,,450,80,92,65,65,80,68,1,False
120,Stari,Eau,,340,30,45,55,70,55,85,1,False
121,Staross,Eau,Psy,520,60,75,85,100,85,115,1,False
122,M. Mime,Psy,Fee,460,40,45,65,100,120,90,1,False
123,Insécateur,Insecte,Vol,500,70,110,80,55,80,105,1,False
124,Lippoutou,Glace,Psy,455,65,50,35,115,95,95,1,False
125,Élektek,Electrik,,490,65,83,57,95,85,105,1,False
126,Magmar,Feu,,495,65,95,57,100,85,93,1,False
127,Scarabrute,Insecte,,500,65,125,100,55,70,85,1,False
127,ScarabruteMéga-Scarabrute,Insecte,Vol,600,65,155,120,65,90,105,1,False
128,Tauros,Normal,,490,75,100,95,40,70,110,1,False
129,Magicarpe,Eau,,200,20,10,55,15,20,80,1,False
130,Léviator,Eau,Vol,540,95,125,79,60,100,81,1,False
130,LéviatorMéga-Léviator,Eau,Tenebres,640,95,155,109,70,130,81,1,False
131,Lokhlass,Eau,Glace,535,130,85,80,85,95,60,1,False
132,Métamorph,Normal,,288,48,48,48,48,48,48,1,False
133,Évoli,Normal,,325,55,55,50,45,65,55,1,False
134,Aquali,Eau,,525,130,65,60,110,95,65,1,False
135,Voltali,Electrik,,525,65,65,60,110,95,130,1,False
136,Pyroli,Feu,,525,65,130,60,95,110,65,1,False
137,Porygon,Normal,,395,65,60,70,85,75,40,1,False
138,Amonita,Roche,Eau,355,35,40,100,90,55,35,1,False
139,Amonistar,Roche,Eau,495,70,60,125,115,70,55,1,False
140,Kabuto,Roche,Eau,355,30,80,90,55,45,55,1,False
141,Kabutops,Roche,Eau,495,60,115,105,65,70,80,1,False
142,Ptéra,Roche,Vol,515,80,105,65,60,75,130,1,False
142,PtéraMéga-Ptéra,Roche,Vol,615,80,135,85,70,95,150,1,False
143,Ronflex,Normal,,540,160,110,65,65,110,30,1,False
144,Artikodin,Glace,Vol,580,90,85,100,95,125,85,1,True
145,Électhor,Electrik,Vol,580,90,90,85,125,90,100,1,True
146,Sulfura,Feu,Vol,580,90,100,90,125,85,90,1,True
147,Minidraco,Dragon,,300,41,64,45,50,50,50,1,False
148,Draco,Dragon,,420,61,84,65,70,70,70,1,False
149,Dracolosse,Dragon,Vol,600,91,134,95,100,100,80,1,False
150,Mewtwo,Psy,,680,106,110,90,154,90,130,1,True
150,MewtwoMéga-Mewtwo X,Psy,Combat,780,106,190,100,154,100,130,1,True
150,MewtwoMéga-Mewtwo Y,Psy,,780,106,150,70,194,120,140,1,True
151,Mew,Psy,,600,100,100,100,100,100,100,1,False
152,Germignon,Plante,,318,45,49,65,49,65,45,2,False
153,Macronium,Plante,,405,60,62,80,63,80,60,2,False
154,Méganium,Plante,,525,80,82,100,83,100,80,2,False
155,Héricendre,Feu,,309,39,52,43,60,50,65,2,False
156,Feurisson,Feu,,405,58,64,58,80,65,80,2,False
157,Typhlosion,Feu,,534,78,84,78,109,85,100,2,False
158,Kaiminus,Eau,,314,50,65,64,44,48,43,2,False
159,Crocrodil,Eau,,405,65,80,80,59,63,58,2,False
160,Aligatueur,Eau,,530,85,105,100,79,83,78,2,False
161,Fouinette,Normal,,215,35,46,34,35,45,20,2,False
162,Fouinar,Normal,,415,85,76,64,45,55,90,2,False
163,Hoothoot,Normal,Vol,262,60,30,30,36,56,50,2,False
164,Noarfang,Normal,Vol,442,100,50,50,76,96,70,2,False
165,Coxy,Insecte,Vol,265,40,20,30,40,80,55,2,False
166,Coxyclaque,Insecte,Vol,390,55,35,50,55,110,85,2,False
167,Mimigal,Insecte,Poison,250,40,60,40,40,40,30,2,False
168,Migalos,Insecte,Poison,390,70,90,70,60,60,40,2,False
169,Nostenfer,Poison,Vol,535,85,90,80,70,80,130,2,False
170,Loupio,Eau,Electrik,330,75,38,38,56,56,67,2,False
171,Lanturn,Eau,Electrik,460,125,58,58,76,76,67,2,False
172,Pichu,Electrik,,205,20,40,15,35,35,60,2,False
173,Mélo,Fee,,218,50,25,28,45,55,15,2,False
174,Toudoudou,Normal,Fee,210,90,30,15,40,20,15,2,False
175,Togepi,Fee,,245,35,20,65,40,65,20,2,False
176,Togetic,Fee,Vol,405,55,40,85,80,105,40,2,False
177,Natu,Psy,Vol,320,40,50,45,70,45,70,2,False
178,Xatu,Psy,Vol,470,65,75,70,95,70,95,2,False
179,Wattouat,Electrik,,280,55,40,40,65,45,35,2,False
180,Lainergie,Electrik,,365,70,55,55,80,60,45,2,False
181,Pharamp,Electrik,,510,90,75,85,115,90,55,2,False
181,PharampMéga-Pharamp,Electrik,Dragon,610,90,95,105,165,110,45,2,False
182,Joliflor,Plante,,490,75,80,95,90,100,50,2,False
183,Marill,Eau,Fee,250,70,20,50,20,50,40,2,False
184,Azumarill,Eau,Fee,420,100,50,80,60,80,50,2,False
185,Simularbre,Roche,,410,70,100,115,30,65,30,2,False
186,Tarpaud,Eau,,500,90,75,75,90,100,70,2,False
187,Granivol,Plante,Vol,250,35,35,40,35,55,50,2,False
188,Floravol,Plante,Vol,340,55,45,50,45,65,80,2,False
189,Cotovol,Plante,Vol,460,75,55,70,55,95,110,2,False
190,Capumain,Normal,,360,55,70,55,40,55,85,2,False
191,Tournegrin,Plante,,180,30,30,30,30,30,30,2,False
192,Héliatronc,Plante,,425,75,75,55,105,85,30,2,False
193,Yanma,Insecte,Vol,390,65,65,45,75,45,95,2,False
194,Axoloto,Eau,Sol,210,55,45,45,25,25,15,2,False
195,Maraiste,Eau,Sol,430,95,85,85,65,65,35,2,False
196,Mentali,Psy,,525,65,65,60,130,95,110,2,False
197,Noctali,Tenebres,,525,95,65,110,60,130,65,2,False
198,Cornèbre,Tenebres,Vol,405,60,85,42,85,42,91,2,False
199,Roigada,Eau,Psy,490,95,75,80,100,110,30,2,False
200,Feuforêve,Spectre,,435,60,60,60,85,85,85,2,False
201,Zarbi,Psy,,336,48,72,48,72,48,48,2,False
202,Qulbutoké,Psy,,405,190,33,58,33,58,33,2,False
203,Girafarig,Normal,Psy,455,70,80,65,90,65,85,2,False
204,Pomdepik,Insecte,,290,50,65,90,35,35,15,2,False
205,Foretress,Insecte,Acier,465,75,90,140,60,60,40,2,False
206,Insolourdo,Normal,,415,100,70,70,65,65,45,2,False
207,Scorplane,Sol,Vol,430,65,75,105,35,65,85,2,False
208,Steelix,Acier,Sol,510,75,85,200,55,65,30,2,False
208,SteelixMéga-Steelix,Acier,Sol,610,75,125,230,55,95,30,2,False
209,Snubbull,Fee,,300,60,80,50,40,40,30,2,False
210,Granbull,Fee,,450,90,120,75,60,60,45,2,False
211,Qwilfish,Eau,Poison,430,65,95,75,55,55,85,2,False
212,Cizayox,Insecte,Acier,500,70,130,100,55,80,65,2,False
212,CizayoxMéga-Cizayox,Insecte,Acier,600,70,150,140,65,100,75,2,False
213,Caratroc,Insecte,Roche,505,20,10,230,10,230,5,2,False
214,Scarhino,Insecte,Combat,500,80,125,75,40,95,85,2,False
214,ScarhinoMéga-Scarhino,Insecte,Combat,600,80,185,115,40,105,75,2,False
215,Farfuret,Tenebres,Glace,430,55,95,55,35,75,115,2,False
216,Teddiursa,Normal,,330,60,80,50,50,50,40,2,False
217,Ursaring,Normal,,500,90,130,75,75,75,55,2,False
218,Limagma,Feu,,250,40,40,40,70,40,20,2,False
219,Volcaropod,Feu,Roche,410,50,50,120,80,80,30,2,False
220,Marcacrin,Glace,Sol,250,50,50,40,30,30,50,2,False
221,Cochignon,Glace,Sol,450,100,100,80,60,60,50,2,False
222,Corayon,Eau,Roche,380,55,55,85,65,85,35,2,False
223,Rémoraid,Eau,,300,35,65,35,65,35,65,2,False
224,Octillery,Eau,,480,75,105,75,105,75,45,2,False
225,Cadoizo,Glace,Vol,330,45,55,45,65,45,75,2,False
226,Démanta,Eau,Vol,465,65,40,70,80,140,70,2,False
227,Airmure,Acier,Vol,465,65,80,140,40,70,70,2,False
228,Malosse,Tenebres,Feu,330,45,60,30,80,50,65,2,False
229,Démolosse,Tenebres,Feu,500,75,90,50,110,80,95,2,False
229,DémolosseMéga-Démolosse,Tenebres,Feu,600,75,90,90,140,90,115,2,False
230,Hyporoi,Eau,Dragon,540,75,95,95,95,95,85,2,False
231,Phanpy,Sol,,330,90,60,60,40,40,40,2,False
232,Donphan,Sol,,500,90,120,120,60,60,50,2,False
233,Porygon2,Normal,,515,85,80,90,105,95,60,2,False
234,Cerfrousse,Normal,,465,73,95,62,85,65,85,2,False
235,Queulorior,Normal,,250,55,20,35,20,45,75,2,False
236,Debugant,Combat,,210,35,35,35,35,35,35,2,False
237,Kapoera,Combat,,455,50,95,95,35,110,70,2,False
238,Lippouti,Glace,Psy,305,45,30,15,85,65,65,2,False
239,Élekid,Electrik,,360,45,63,37,65,55,95,2,False
240,Magby,Feu,,365,45,75,37,70,55,83,2,False
241,Écrémeuh,Normal,,490,95,80,105,40,70,100,2,False
242,Leuphorie,Normal,,540,255,10,10,75,135,55,2,False
243,Raikou,Electrik,,580,90,85,75,115,100,115,2,True
244,Entei,Feu,,580,115,115,85,90,75,100,2,True
245,Suicune,Eau,,580,100,75,115,90,115,85,2,True
246,Embrylex,Roche,Sol,300,50,64,50,45,50,41,2,False
247,Ymphect,Roche,Sol,410,70,84,70,65,70,51,2,False
248,Tyranocif,Roche,Tenebres,600,100,134,110,95,100,61,2,False
248,TyranitarMega Tyranitar,Roche,Tenebres,700,100,164,150,95,120,71,2,False
249,Lugia,Psy,Vol,680,106,90,130,90,154,110,2,True
250,Ho-oh,Feu,Vol,680,106,130,90,110,154,90,2,True
251,Celebi,Psy,Plante,600,100,100,100,100,100,100,2,False
252,Arcko,Plante,,310,40,45,35,65,55,70,3,False
253,Massko,Plante,,405,50,65,45,85,65,95,3,False
254,Jungko,Plante,,530,70,85,65,105,85,120,3,False
254,SceptileMega Sceptile,Plante,Dragon,630,70,110,75,145,85,145,3,False
255,Poussifeu,Feu,,310,45,60,40,70,50,45,3,False
256,Galifeu,Feu,Combat,405,60,85,60,85,60,55,3,False
257,Braségali,Feu,Combat,530,80,120,70,110,70,80,3,False
257,BlazikenMega Blaziken,Feu,Combat,630,80,160,80,130,80,100,3,False
258,Gobou,Eau,,310,50,70,50,50,50,40,3,False
259,Flobio,Eau,Sol,405,70,85,70,60,70,50,3,False
260,Laggron,Eau,Sol,535,100,110,90,85,90,60,3,False
260,SwampertMega Swampert,Eau,Sol,635,100,150,110,95,110,70,3,False
261,Medhyèna,Tenebres,,220,35,55,35,30,30,35,3,False
262,Grahyèna,Tenebres,,420,70,90,70,60,60,70,3,False
263,Zigzaton,Normal,,240,38,30,41,30,41,60,3,False
264,Linéon,Normal,,420,78,70,61,50,61,100,3,False
265,Chenipotte,Insecte,,195,45,45,35,20,30,20,3,False
266,Armulys,Insecte,,205,50,35,55,25,25,15,3,False
267,Charmillon,Insecte,Vol,395,60,70,50,100,50,65,3,False
268,Blindalys,Insecte,,205,50,35,55,25,25,15,3,False
269,Papinox,Insecte,Poison,385,60,50,70,50,90,65,3,False
270,Nénupiot,Eau,Plante,220,40,30,30,40,50,30,3,False
271,Lombre,Eau,Plante,340,60,50,50,60,70,50,3,False
272,Ludicolo,Eau,Plante,480,80,70,70,90,100,70,3,False
273,Grainipiot,Plante,,220,40,40,50,30,30,30,3,False
274,Pifeuil,Plante,Tenebres,340,70,70,40,60,40,60,3,False
275,Tengalice,Plante,Tenebres,480,90,100,60,90,60,80,3,False
276,Nirondelle,Normal,Vol,270,40,55,30,30,30,85,3,False
277,Hélédelle,Normal,Vol,430,60,85,60,50,50,125,3,False
278,Goélise,Eau,Vol,270,40,30,30,55,30,85,3,False
279,Bekipan,Eau,Vol,430,60,50,100,85,70,65,3,False
280,Tarsal,Psy,Fee,198,28,25,25,45,35,40,3,False
281,Kirlia,Psy,Fee,278,38,35,35,65,55,50,3,False
282,Gardevoir,Psy,Fee,518,68,65,65,125,115,80,3,False
282,GardevoirMega Gardevoir,Psy,Fee,618,68,85,65,165,135,100,3,False
283,Arakdo,Insecte,Eau,269,40,30,32,50,52,65,3,False
284,Maskadra,Insecte,Vol,414,70,60,62,80,82,60,3,False
285,Balignon,Plante,,295,60,40,60,40,60,35,3,False
286,Chapignon,Plante,Combat,460,60,130,80,60,60,70,3,False
287,Parecool,Normal,,280,60,60,60,35,35,30,3,False
288,Vigoroth,Normal,,440,80,80,80,55,55,90,3,False
289,Monaflemit,Normal,,670,150,160,100,95,65,100,3,False
290,Ningale,Insecte,Sol,266,31,45,90,30,30,40,3,False
291,Ninjask,Insecte,Vol,456,61,90,45,50,50,160,3,False
292,Munja,Insecte,Spectre,236,1,90,45,30,30,40,3,False
293,Chuchmur,Normal,,240,64,51,23,51,23,28,3,False
294,Ramboum,Normal,,360,84,71,43,71,43,48,3,False
295,Brouhabam,Normal,,490,104,91,63,91,73,68,3,False
296,Makuhita,Combat,,237,72,60,30,20,30,25,3,False
297,Hariyama,Combat,,474,144,120,60,40,60,50,3,False
298,Azurill,Normal,Fee,190,50,20,40,20,40,20,3,False
299,Tarinor,Roche,,375,30,45,135,45,90,30,3,False
300,Skitty,Normal,,260,50,45,45,35,35,50,3,False
301,Delcatty,Normal,,380,70,65,65,55,55,70,3,False
302,Ténéfix,Tenebres,Spectre,380,50,75,75,65,65,50,3,False
302,SableyeMega Sableye,Tenebres,Spectre,480,50,85,125,85,115,20,3,False
303,Mysdibule,Acier,Fee,380,50,85,85,55,55,50,3,False
303,MawileMega Mawile,Acier,Fee,480,50,105,125,55,95,50,3,False
304,Galekid,Acier,Roche,330,50,70,100,40,40,30,3,False
305,Galegon,Acier,Roche,430,60,90,140,50,50,40,3,False
306,Galeking,Acier,Roche,530,70,110,180,60,60,50,3,False
306,AggronMega Aggron,Acier,,630,70,140,230,60,80,50,3,False
307,Méditikka,Combat,Psy,280,30,40,55,40,55,60,3,False
308,Charmina,Combat,Psy,410,60,60,75,60,75,80,3,False
308,MedichamMega Medicham,Combat,Psy,510,60,100,85,80,85,100,3,False
309,Dynavolt,Electrik,,295,40,45,40,65,40,65,3,False
310,Élecsprint,Electrik,,475,70,75,60,105,60,105,3,False
310,ManectricMega Manectric,Electrik,,575,70,75,80,135,80,135,3,False
311,Posipi,Electrik,,405,60,50,40,85,75,95,3,False
312,Négapi,Electrik,,405,60,40,50,75,85,95,3,False
313,Muchelle,Insecte,,400,65,73,55,47,75,85,3,False
314,Lumivole,Insecte,,400,65,47,55,73,75,85,3,False
315,Rosélia,Plante,Poison,400,50,60,45,100,80,65,3,False
316,Gloupti,Poison,,302,70,43,53,43,53,40,3,False
317,Avaltout,Poison,,467,100,73,83,73,83,55,3,False
318,Carvanha,Eau,Tenebres,305,45,90,20,65,20,65,3,False
319,Sharpedo,Eau,Tenebres,460,70,120,40,95,40,95,3,False
319,SharpedoMega Sharpedo,Eau,Tenebres,560,70,140,70,110,65,105,3,False
320,Wailmer,Eau,,400,130,70,35,70,35,60,3,False
321,Wailord,Eau,,500,170,90,45,90,45,60,3,False
322,Chamallot,Feu,Sol,305,60,60,40,65,45,35,3,False
323,Camérupt,Feu,Sol,460,70,100,70,105,75,40,3,False
323,CameruptMega Camerupt,Feu,Sol,560,70,120,100,145,105,20,3,False
324,Chartor,Feu,,470,70,85,140,85,70,20,3,False
325,Spoink,Psy,,330,60,25,35,70,80,60,3,False
326,Groret,Psy,,470,80,45,65,90,110,80,3,False
327,Spinda,Normal,,360,60,60,60,60,60,60,3,False
328,Kraknoix,Sol,,290,45,100,45,45,45,10,3,False
329,Vibraninf,Sol,Dragon,340,50,70,50,50,50,70,3,False
330,Libégon,Sol,Dragon,520,80,100,80,80,80,100,3,False
331,Cacnea,Plante,,335,50,85,40,85,40,35,3,False
332,Cacturne,Plante,Tenebres,475,70,115,60,115,60,55,3,False
333,Tylton,Normal,Vol,310,45,40,60,40,75,50,3,False
334,Altaria,Dragon,Vol,490,75,70,90,70,105,80,3,False
334,AltariaMega Altaria,Dragon,Fee,590,75,110,110,110,105,80,3,False
335,Mangriff,Normal,,458,73,115,60,60,60,90,3,False
336,Séviper,Poison,,458,73,100,60,100,60,65,3,False
337,Séléroc,Roche,Psy,440,70,55,65,95,85,70,3,False
338,Solaroc,Roche,Psy,440,70,95,85,55,65,70,3,False
339,Barloche,Eau,Sol,288,50,48,43,46,41,60,3,False
340,Barbicha,Eau,Sol,468,110,78,73,76,71,60,3,False
341,Écrapince,Eau,,308,43,80,65,50,35,35,3,False
342,Colhomard,Eau,Tenebres,468,63,120,85,90,55,55,3,False
343,Balbuto,Sol,Psy,300,40,40,55,40,70,55,3,False
344,Kaorine,Sol,Psy,500,60,70,105,70,120,75,3,False
345,Lilia,Roche,Plante,355,66,41,77,61,87,23,3,False
346,Vacilys,Roche,Plante,495,86,81,97,81,107,43,3,False
347,Anorith,Roche,Insecte,355,45,95,50,40,50,75,3,False
348,Armaldo,Roche,Insecte,495,75,125,100,70,80,45,3,False
349,Barpau,Eau,,200,20,15,20,10,55,80,3,False
350,Milobellus,Eau,,540,95,60,79,100,125,81,3,False
351,Morphéo,Normal,,420,70,70,70,70,70,70,3,False
352,Kecleon,Normal,,440,60,90,70,60,120,40,3,False
353,Polichombr,Spectre,,295,44,75,35,63,33,45,3,False
354,Branette,Spectre,,455,64,115,65,83,63,65,3,False
354,BanetteMega Banette,Spectre,,555,64,165,75,93,83,75,3,False
355,Skelénox,Spectre,,295,20,40,90,30,90,25,3,False
356,Téraclope,Spectre,,455,40,70,130,60,130,25,3,False
357,Tropius,Plante,Vol,460,99,68,83,72,87,51,3,False
358,Éoko,Psy,,425,65,50,70,95,80,65,3,False
359,Absol,Tenebres,,465,65,130,60,75,60,75,3,False
359,AbsolMega Absol,Tenebres,,565,65,150,60,115,60,115,3,False
360,Okéoké,Psy,,260,95,23,48,23,48,23,3,False
361,Stalgamin,Glace,,300,50,50,50,50,50,50,3,False
362,Oniglali,Glace,,480,80,80,80,80,80,80,3,False
362,GlalieMega Glalie,Glace,,580,80,120,80,120,80,100,3,False
363,Obalie,Glace,Eau,290,70,40,50,55,50,25,3,False
364,Phogleur,Glace,Eau,410,90,60,70,75,70,45,3,False
365,Kaimorse,Glace,Eau,530,110,80,90,95,90,65,3,False
366,Coquiperl,Eau,,345,35,64,85,74,55,32,3,False
367,Serpang,Eau,,485,55,104,105,94,75,52,3,False
368,Rosabyss,Eau,,485,55,84,105,114,75,52,3,False
369,Relicanth,Eau,Roche,485,100,90,130,45,65,55,3,False
370,Lovdisc,Eau,,330,43,30,55,40,65,97,3,False
371,Draby,Dragon,,300,45,75,60,40,30,50,3,False
372,Drackhaus,Dragon,,420,65,95,100,60,50,50,3,False
373,Drattak,Dragon,Vol,600,95,135,80,110,80,100,3,False
373,SalamenceMega Salamence,Dragon,Vol,700,95,145,130,120,90,120,3,False
374,Terhal,Acier,Psy,300,40,55,80,35,60,30,3,False
375,Metang,Acier,Psy,420,60,75,100,55,80,50,3,False
376,Metagross,Acier,Psy,600,80,135,130,95,90,70,3,False
376,MetagrossMega Metagross,Acier,Psy,700,80,145,150,105,110,110,3,False
377,Regirock,Roche,,580,80,100,200,50,100,50,3,True
378,Regice,Glace,,580,80,50,100,100,200,50,3,True
379,Registeel,Acier,,580,80,75,150,75,150,50,3,True
380,Latias,Dragon,Psy,600,80,80,90,110,130,110,3,True
380,LatiasMega Latias,Dragon,Psy,700,80,100,120,140,150,110,3,True
381,Latios,Dragon,Psy,600,80,90,80,130,110,110,3,True
381,LatiosMega Latios,Dragon,Psy,700,80,130,100,160,120,110,3,True
382,Kyogre,Eau,,670,100,100,90,150,140,90,3,True
382,KyogrePrimal Kyogre,Eau,,770,100,150,90,180,160,90,3,True
383,Groudon,Sol,,670,100,150,140,100,90,90,3,True
383,GroudonPrimal Groudon,Sol,Feu,770,100,180,160,150,90,90,3,True
384,Rayquaza,Dragon,Vol,680,105,150,90,150,90,95,3,True
384,RayquazaMega Rayquaza,Dragon,Vol,780,105,180,100,180,100,115,3,True
385,Jirachi,Acier,Psy,600,100,100,100,100,100,100,3,True
386,DeoxysNormal Forme,Psy,,600,50,150,50,150,50,150,3,True
386,DeoxysAttack Forme,Psy,,600,50,180,20,180,20,150,3,True
386,DeoxysDefense Forme,Psy,,600,50,70,160,70,160,90,3,True
386,DeoxysSpeed Forme,Psy,,600,50,95,90,95,90,180,3,True
387,Tortipouss,Plante,,318,55,68,64,45,55,31,4,False
388,Bouldeneu,Plante,,405,75,89,85,55,65,36,4,False
389,Torterra,Plante,Sol,525,95,109,105,75,85,56,4,False
390,Ouisticram,Feu,,309,44,58,44,58,44,61,4,False
391,Chimpenfeu,Feu,Combat,405,64,78,52,78,52,81,4,False
392,Simiabraz,Feu,Combat,534,76,104,71,104,71,108,4,False
393,Tiplouf,Eau,,314,53,51,53,61,56,40,4,False
394,Prinplouf,Eau,,405,64,66,68,81,76,50,4,False
395,Pingoléon,Eau,Acier,530,84,86,88,111,101,60,4,False
396,Étourmi,Normal,Vol,245,40,55,30,30,30,60,4,False
397,Étourvol,Normal,Vol,340,55,75,50,40,40,80,4,False
398,Étouraptor,Normal,Vol,485,85,120,70,50,60,100,4,False
399,Keunotor,Normal,,250,59,45,40,35,40,31,4,False
400,Castorno,Normal,Eau,410,79,85,60,55,60,71,4,False
401,Crikzik,Insecte,,194,37,25,41,25,41,25,4,False
402,Mélokrik,Insecte,,384,77,85,51,55,51,65,4,False
403,Lixy,Electrik,,263,45,65,34,40,34,45,4,False
404,Luxio,Electrik,,363,60,85,49,60,49,60,4,False
405,Luxray,Electrik,,523,80,120,79,95,79,70,4,False
406,Rozbouton,Plante,Poison,280,40,30,35,50,70,55,4,False
407,Roserade,Plante,Poison,515,60,70,65,125,105,90,4,False
408,Kranidos,Roche,,350,67,125,40,30,30,58,4,False
409,Charkos,Roche,,495,97,165,60,65,50,58,4,False
410,Dinoclier,Roche,Acier,350,30,42,118,42,88,30,4,False
411,Bastiodon,Roche,Acier,495,60,52,168,47,138,30,4,False
412,Cheniti,Insecte,,224,40,29,45,29,45,36,4,False
413,WormadamPlant Cloak,Insecte,Plante,424,60,59,85,79,105,36,4,False
413,WormadamSandy Cloak,Insecte,Sol,424,60,79,105,59,85,36,4,False
413,WormadamTrash Cloak,Insecte,Acier,424,60,69,95,69,95,36,4,False
414,Papilord,Insecte,Vol,424,70,94,50,94,50,66,4,False
415,Apitrini,Insecte,Vol,244,30,30,42,30,42,70,4,False
416,Apireine,Insecte,Vol,474,70,80,102,80,102,40,4,False
417,Pachirisu,Electrik,,405,60,45,70,45,90,95,4,False
418,Mustébouée,Eau,,330,55,65,35,60,30,85,4,False
419,Mustéflott,Eau,,495,85,105,55,85,50,115,4,False
420,Ceribou,Plante,,275,45,35,45,62,53,35,4,False
421,Ceriflor,Plante,,450,70,60,70,87,78,85,4,False
422,Sancoki,Eau,,325,76,48,48,57,62,34,4,False
423,Tritosor,Eau,Sol,475,111,83,68,92,82,39,4,False
424,Capidextre,Normal,,482,75,100,66,60,66,115,4,False
425,Baudrive,Spectre,Vol,348,90,50,34,60,44,70,4,False
426,Grodrive,Spectre,Vol,498,150,80,44,90,54,80,4,False
427,Laporeille,Normal,,350,55,66,44,44,56,85,4,False
428,Lockpin,Normal,,480,65,76,84,54,96,105,4,False
428,LopunnyMega Lopunny,Normal,Combat,580,65,136,94,54,96,135,4,False
429,Magirêve,Spectre,,495,60,60,60,105,105,105,4,False
430,Corboss,Tenebres,Vol,505,100,125,52,105,52,71,4,False
431,Chaglam,Normal,,310,49,55,42,42,37,85,4,False
432,Chaffreux,Normal,,452,71,82,64,64,59,112,4,False
433,Korillon,Psy,,285,45,30,50,65,50,45,4,False
434,Moufouette,Poison,Tenebres,329,63,63,47,41,41,74,4,False
435,Moufflair,Poison,Tenebres,479,103,93,67,71,61,84,4,False
436,Archéomire,Acier,Psy,300,57,24,86,24,86,23,4,False
437,Archéodong,Acier,Psy,500,67,89,116,79,116,33,4,False
438,Manzaï,Roche,,290,50,80,95,10,45,10,4,False
439,Mime Jr.,Psy,Fee,310,20,25,45,70,90,60,4,False
440,Ptiravi,Normal,,220,100,5,5,15,65,30,4,False
441,Pijako,Normal,Vol,411,76,65,45,92,42,91,4,False
442,Spiritomb,Spectre,Tenebres,485,50,92,108,92,108,35,4,False
443,Griknot,Dragon,Sol,300,58,70,45,40,45,42,4,False
444,Carmache,Dragon,Sol,410,68,90,65,50,55,82,4,False
445,Carchacrok,Dragon,Sol,600,108,130,95,80,85,102,4,False
445,GarchompMega Garchomp,Dragon,Sol,700,108,170,115,120,95,92,4,False
446,Goinfrex,Normal,,390,135,85,40,40,85,5,4,False
447,Riolu,Combat,,285,40,70,40,35,40,60,4,False
448,Lucario,Combat,Acier,525,70,110,70,115,70,90,4,False
448,LucarioMega Lucario,Combat,Acier,625,70,145,88,140,70,112,4,False
449,Hippopotas,Sol,,330,68,72,78,38,42,32,4,False
450,Hippodocus,Sol,,525,108,112,118,68,72,47,4,False
451,Rapion,Poison,Insecte,330,40,50,90,30,55,65,4,False
452,Drascore,Poison,Tenebres,500,70,90,110,60,75,95,4,False
453,Cradopaud,Poison,Combat,300,48,61,40,61,40,50,4,False
454,Coatox,Poison,Combat,490,83,106,65,86,65,85,4,False
455,Vortente,Plante,,454,74,100,72,90,72,46,4,False
456,Écayon,Eau,,330,49,49,56,49,61,66,4,False
457,Luminéon,Eau,,460,69,69,76,69,86,91,4,False
458,Babimanta,Eau,Vol,345,45,20,50,60,120,50,4,False
459,Blizzi,Plante,Glace,334,60,62,50,62,60,40,4,False
460,Blizzaroi,Plante,Glace,494,90,92,75,92,85,60,4,False
460,AbomasnowMega Abomasnow,Plante,Glace,594,90,132,105,132,105,30,4,False
461,Dimoret,Tenebres,Glace,510,70,120,65,45,85,125,4,False
462,Magnezone,Electrik,Acier,535,70,70,115,130,90,60,4,False
463,Coudlangue,Normal,,515,110,85,95,80,95,50,4,False
464,Rhinastoc,Sol,Roche,535,115,140,130,55,55,40,4,False
465,Bouldeneur,Plante,,535,100,100,125,110,50,50,4,False
466,Élekable,Electrik,,540,75,123,67,95,85,95,4,False
467,Maganon,Feu,,540,75,95,67,125,95,83,4,False
468,Togekiss,Fee,Vol,545,85,50,95,120,115,80,4,False
469,Yanmega,Insecte,Vol,515,86,76,86,116,56,95,4,False
470,Phyllali,Plante,,525,65,110,130,60,65,95,4,False
471,Givrali,Glace,,525,65,60,110,130,95,65,4,False
472,Scorvol,Sol,Vol,510,75,95,125,45,75,95,4,False
473,Mammochon,Glace,Sol,530,110,130,80,70,60,80,4,False
474,Porygon-Z,Normal,,535,85,80,70,135,75,90,4,False
475,Gallame,Psy,Combat,518,68,125,65,65,115,80,4,False
475,GalladeMega Gallade,Psy,Combat,618,68,165,95,65,115,110,4,False
476,Tarinormad,Roche,Acier,525,60,55,145,75,150,40,4,False
477,Noctunoir,Spectre,,525,45,100,135,65,135,45,4,False
478,Momartik,Glace,Spectre,480,70,80,70,80,70,110,4,False
479,Motisma,Electrik,Spectre,440,50,50,77,95,77,91,4,False
479,RotomHeat Rotom,Electrik,Feu,520,50,65,107,105,107,86,4,False
479,RotomWash Rotom,Electrik,Eau,520,50,65,107,105,107,86,4,False
479,RotomFrost Rotom,Electrik,Glace,520,50,65,107,105,107,86,4,False
479,RotomFan Rotom,Electrik,Vol,520,50,65,107,105,107,86,4,False
479,RotomMow Rotom,Electrik,Plante,520,50,65,107,105,107,86,4,False
480,Créhelf,Psy,,580,75,75,130,75,130,95,4,True
481,Créfollet,Psy,,580,80,105,105,105,105,80,4,True
482,Créfadet,Psy,,580,75,125,70,125,70,115,4,True
483,Dialga,Acier,Dragon,680,100,120,120,150,100,90,4,True
484,Palkia,Eau,Dragon,680,90,120,100,150,120,100,4,True
485,Heatran,Feu,Acier,600,91,90,106,130,106,77,4,True
486,Regigigas,Normal,,670,110,160,110,80,110,100,4,True
487,GiratinaAltered Forme,Spectre,Dragon,680,150,100,120,100,120,90,4,True
487,GiratinaOrigin Forme,Spectre,Dragon,680,150,120,100,120,100,90,4,True
488,Cresselia,Psy,,600,120,70,120,75,130,85,4,False
489,Phione,Eau,,480,80,80,80,80,80,80,4,False
490,Manaphy,Eau,,600,100,100,100,100,100,100,4,False
491,Darkrai,Tenebres,,600,70,90,90,135,90,125,4,True
492,ShayminLand Forme,Plante,,600,100,100,100,100,100,100,4,True
492,ShayminSky Forme,Plante,Vol,600,100,103,75,120,75,127,4,True
493,Arceus,Normal,,720,120,120,120,120,120,120,4,True
494,Victini,Psy,Feu,600,100,100,100,100,100,100,5,True
495,Vipélierre,Plante,,308,45,45,55,45,55,63,5,False
496,Lianaja,Plante,,413,60,60,75,60,75,83,5,False
497,Majaspic,Plante,,528,75,75,95,75,95,113,5,False
498,Gratide,Feu,,308,65,63,45,45,45,45,5,False
499,Grotichon,Feu,Combat,418,90,93,55,70,55,55,5,False
500,Flamaraï,Feu,Combat,528,110,123,65,100,65,65,5,False
501,Moustillon,Eau,,308,55,55,45,63,45,45,5,False
502,Mateloutre,Eau,,413,75,75,60,83,60,60,5,False
503,Clamiral,Eau,,528,95,100,85,108,70,70,5,False
504,Ratentif,Normal,,255,45,55,39,35,39,42,5,False
505,Miradar,Normal,,420,60,85,69,60,69,77,5,False
506,Ponchiot,Normal,,275,45,60,45,25,45,55,5,False
507,Ponchien,Normal,,370,65,80,65,35,65,60,5,False
508,Mastouffe,Normal,,500,85,110,90,45,90,80,5,False
509,Chacripan,Tenebres,,281,41,50,37,50,37,66,5,False
510,Léopardus,Tenebres,,446,64,88,50,88,50,106,5,False
511,Feuillajou,Plante,,316,50,53,48,53,48,64,5,False
512,Feuiloutan,Plante,,498,75,98,63,98,63,101,5,False
513,Flamajou,Feu,,316,50,53,48,53,48,64,5,False
514,Flamoutan,Feu,,498,75,98,63,98,63,101,5,False
515,Flotajou,Eau,,316,50,53,48,53,48,64,5,False
516,Flotoutan,Eau,,498,75,98,63,98,63,101,5,False
517,Munna,Psy,,292,76,25,45,67,55,24,5,False
518,Mushana,Psy,,487,116,55,85,107,95,29,5,False
519,Poichigeon,Normal,Vol,264,50,55,50,36,30,43,5,False
520,Colombeau,Normal,Vol,358,62,77,62,50,42,65,5,False
521,Déflaisan,Normal,Vol,488,80,115,80,65,55,93,5,False
522,Zébibron,Electrik,,295,45,60,32,50,32,76,5,False
523,Zéblitz,Electrik,,497,75,100,63,80,63,116,5,False
524,Nodulithe,Roche,,280,55,75,85,25,25,15,5,False
525,Géolithe,Roche,,390,70,105,105,50,40,20,5,False
526,Gigalithe,Roche,,515,85,135,130,60,80,25,5,False
527,Chovsourir,Psy,Vol,313,55,45,43,55,43,72,5,False
528,Rhinolove,Psy,Vol,425,67,57,55,77,55,114,5,False
529,Rototaupe,Sol,,328,60,85,40,30,45,68,5,False
530,Minotaupe,Sol,Acier,508,110,135,60,50,65,88,5,False
531,Nanméouïe,Normal,,445,103,60,86,60,86,50,5,False
531,AudinoMega Audino,Normal,Fee,545,103,60,126,80,126,50,5,False
532,Charpenti,Combat,,305,75,80,55,25,35,35,5,False
533,Ouvrifier,Combat,,405,85,105,85,40,50,40,5,False
534,Bétochef,Combat,,505,105,140,95,55,65,45,5,False
535,Tritonde,Eau,,294,50,50,40,50,40,64,5,False
536,Batracné,Eau,Sol,384,75,65,55,65,55,69,5,False
537,Crapustule,Eau,Sol,509,105,95,75,85,75,74,5,False
538,Judokrak,Combat,,465,120,100,85,30,85,45,5,False
539,Karaclée,Combat,,465,75,125,75,30,75,85,5,False
540,Larveyette,Insecte,Plante,310,45,53,70,40,60,42,5,False
541,Couverdure,Insecte,Plante,380,55,63,90,50,80,42,5,False
542,Manternel,Insecte,Plante,500,75,103,80,70,80,92,5,False
543,Venipatte,Insecte,Poison,260,30,45,59,30,39,57,5,False
544,Scobolide,Insecte,Poison,360,40,55,99,40,79,47,5,False
545,Brutapode,Insecte,Poison,485,60,100,89,55,69,112,5,False
546,Doudouvet,Plante,Fee,280,40,27,60,37,50,66,5,False
547,Farfaduvet,Plante,Fee,480,60,67,85,77,75,116,5,False
548,Chloroble,Plante,,280,45,35,50,70,50,30,5,False
549,Fragilady,Plante,,480,70,60,75,110,75,90,5,False
550,Bargantua,Eau,,460,70,92,65,80,55,98,5,False
551,Masgouffe,Sol,Tenebres,292,50,72,35,35,35,65,5,False
552,Escroco,Sol,Tenebres,351,60,82,45,45,45,74,5,False
553,Roifelin,Sol,Tenebres,519,95,117,80,65,70,92,5,False
554,Darumarond,Feu,,315,70,90,45,15,45,50,5,False
555,DarmanitanStandard Mode,Feu,,480,105,140,55,30,55,95,5,False
555,DarmanitanZen Mode,Feu,Psy,540,105,30,105,140,105,55,5,False
556,Maracachi,Plante,,461,75,86,67,106,67,60,5,False
557,Crabicoque,Insecte,Roche,325,50,65,85,35,35,55,5,False
558,Crabaraque,Insecte,Roche,475,70,95,125,65,75,45,5,False
559,Baggiguane,Tenebres,Combat,348,50,75,70,35,70,48,5,False
560,Baggaïd,Tenebres,Combat,488,65,90,115,45,115,58,5,False
561,Cryptéro,Psy,Vol,490,72,58,80,103,80,97,5,False
562,Tutankafer,Spectre,,303,38,30,85,55,65,30,5,False
563,Tutankofer,Spectre,,483,58,50,145,95,105,30,5,False
564,Carapagos,Eau,Roche,355,54,78,103,53,45,22,5,False
565,Mégapagos,Eau,Roche,495,74,108,133,83,65,32,5,False
566,Arkéapti,Roche,Vol,401,55,112,45,74,45,70,5,False
567,Aéroptéryx,Roche,Vol,567,75,140,65,112,65,110,5,False
568,Miamiasme,Poison,,329,50,50,62,40,62,65,5,False
569,Miasmax,Poison,,474,80,95,82,60,82,75,5,False
570,Zorua,Tenebres,,330,40,65,40,80,40,65,5,False
571,Zoroark,Tenebres,,510,60,105,60,120,60,105,5,False
572,Chinchidou,Normal,,300,55,50,40,40,40,75,5,False
573,Pashmilla,Normal,,470,75,95,60,65,60,115,5,False
574,Scrutella,Psy,,290,45,30,50,55,65,45,5,False
575,Mesméra,Psy,,390,60,45,70,75,85,55,5,False
576,Sidérella,Psy,,490,70,55,95,95,110,65,5,False
577,Nucléos,Psy,,290,45,30,40,105,50,20,5,False
578,Méios,Psy,,370,65,40,50,125,60,30,5,False
579,Symbios,Psy,,490,110,65,75,125,85,30,5,False
580,Couaneton,Eau,Vol,305,62,44,50,44,50,55,5,False
581,Lakmécygne,Eau,Vol,473,75,87,63,87,63,98,5,False
582,Sorbébé,Glace,,305,36,50,50,65,60,44,5,False
583,Sorboul,Glace,,395,51,65,65,80,75,59,5,False
584,Sorbouboul,Glace,,535,71,95,85,110,95,79,5,False
585,Vivaldaim,Normal,Plante,335,60,60,50,40,50,75,5,False
586,Haydaim,Normal,Plante,475,80,100,70,60,70,95,5,False
587,Emolga,Electrik,Vol,428,55,75,60,75,60,103,5,False
588,Carabing,Insecte,,315,50,75,45,40,45,60,5,False
589,Lançargot,Insecte,Acier,495,70,135,105,60,105,20,5,False
590,Trompignon,Plante,Poison,294,69,55,45,55,55,15,5,False
591,Gaulet,Plante,Poison,464,114,85,70,85,80,30,5,False
592,Viskuse,Eau,Spectre,335,55,40,50,65,85,40,5,False
593,Moyade,Eau,Spectre,480,100,60,70,85,105,60,5,False
594,Mamanbo,Eau,,470,165,75,80,40,45,65,5,False
595,Statitiko,Insecte,Electrik,319,50,47,50,57,50,65,5,False
596,Mygavolt,Insecte,Electrik,472,70,77,60,97,60,108,5,False
597,Grindur,Plante,Acier,305,44,50,91,24,86,10,5,False
598,Noacier,Plante,Acier,489,74,94,131,54,116,20,5,False
599,Tic,Acier,,300,40,55,70,45,60,30,5,False
600,Clic,Acier,,440,60,80,95,70,85,50,5,False
601,Cliticlic,Acier,,520,60,100,115,70,85,90,5,False
602,Anchwatt,Electrik,,275,35,55,40,45,40,60,5,False
603,Lampéroie,Electrik,,405,65,85,70,75,70,40,5,False
604,Ohmassacre,Electrik,,515,85,115,80,105,80,50,5,False
605,Lewsor,Psy,,335,55,55,55,85,55,30,5,False
606,Neitram,Psy,,485,75,75,75,125,95,40,5,False
607,Funécire,Spectre,Feu,275,50,30,55,65,55,20,5,False
608,Mélancolux,Spectre,Feu,370,60,40,60,95,60,55,5,False
609,Lugulabre,Spectre,Feu,520,60,55,90,145,90,80,5,False
610,Coupenotte,Dragon,,320,46,87,60,30,40,57,5,False
611,Incisache,Dragon,,410,66,117,70,40,50,67,5,False
612,Tranchodon,Dragon,,540,76,147,90,60,70,97,5,False
613,Polarhume,Glace,,305,55,70,40,60,40,40,5,False
614,Polagriffe,Glace,,485,95,110,80,70,80,50,5,False
615,Hexagel,Glace,,485,70,50,30,95,135,105,5,False
616,Escargaume,Insecte,,305,50,40,85,40,65,25,5,False
617,Limaspeed,Insecte,,495,80,70,40,100,60,145,5,False
618,Limonde,Sol,Electrik,471,109,66,84,81,99,32,5,False
619,Kungfouine,Combat,,350,45,85,50,55,50,65,5,False
620,Shaofouine,Combat,,510,65,125,60,95,60,105,5,False
621,Drakkarmin,Dragon,,485,77,120,90,60,90,48,5,False
622,Gringolem,Sol,Spectre,303,59,74,50,35,50,35,5,False
623,Golemastoc,Sol,Spectre,483,89,124,80,55,80,55,5,False
624,Scalpion,Tenebres,Acier,340,45,85,70,40,40,60,5,False
625,Scalproie,Tenebres,Acier,490,65,125,100,60,70,70,5,False
626,Frisadou,Normal,,490,95,110,95,40,95,55,5,False
627,Bébécaille,Normal,Vol,350,70,83,50,37,50,60,5,False
628,Ékaweb,Normal,Vol,510,100,123,75,57,75,80,5,False
629,Aoûtien,Tenebres,Vol,370,70,55,75,45,65,60,5,False
630,Nécrovautour,Tenebres,Vol,510,110,65,105,55,95,80,5,False
631,Fermite,Feu,,484,85,97,66,105,66,65,5,False
632,Fermite (Forme Hisuienne),Insecte,Acier,484,58,109,112,48,48,109,5,False
633,Solochi,Tenebres,Dragon,300,52,65,50,45,50,38,5,False
634,Diamat,Tenebres,Dragon,420,72,85,70,65,70,58,5,False
635,Trioxhydre,Tenebres,Dragon,600,92,105,90,125,90,98,5,False
636,Pyronille,Insecte,Feu,360,55,85,55,50,55,60,5,False
637,Pyrax,Insecte,Feu,550,85,60,65,135,105,100,5,False
638,Cobalion,Acier,Combat,580,91,90,129,90,72,108,5,True
639,Terrakium,Roche,Combat,580,91,129,90,72,90,108,5,True
640,Viridium,Plante,Combat,580,91,90,72,90,129,108,5,True
641,TornadusIncarnate Forme,Vol,,580,79,115,70,125,80,111,5,True
641,TornadusTherian Forme,Vol,,580,79,100,80,110,90,121,5,True
642,ThundurusIncarnate Forme,Electrik,Vol,580,79,115,70,125,80,111,5,True
642,ThundurusTherian Forme,Electrik,Vol,580,79,105,70,145,80,101,5,True
643,Reshiram,Dragon,Feu,680,100,120,100,150,120,90,5,True
644,Zekrom,Dragon,Electrik,680,100,150,120,120,100,90,5,True
645,LandorusIncarnate Forme,Sol,Vol,600,89,125,90,115,80,101,5,True
645,LandorusTherian Forme,Sol,Vol,600,89,145,90,105,80,91,5,True
646,Kyurem,Dragon,Glace,660,125,130,90,130,90,95,5,True
646,KyuremBlack Kyurem,Dragon,Glace,700,125,170,100,120,90,95,5,True
646,KyuremWhite Kyurem,Dragon,Glace,700,125,120,90,170,100,95,5,True
647,KeldeoOrdinary Forme,Eau,Combat,580,91,72,90,129,90,108,5,False
647,KeldeoResolute Forme,Eau,Combat,580,91,72,90,129,90,108,5,False
648,MeloettaAria Forme,Normal,Psy,600,100,77,77,128,128,90,5,False
648,MeloettaPirouette Forme,Normal,Combat,600,100,128,90,77,77,128,5,False
649,Genesect,Insecte,Acier,600,71,120,95,120,95,99,5,False
650,Marisson,Plante,,313,56,61,65,48,45,38,6,False
651,Boguérisse,Plante,,405,61,78,95,56,58,57,6,False
652,Blindépique,Plante,Combat,530,88,107,122,74,75,64,6,False
653,Feunnec,Feu,,307,40,45,40,62,60,60,6,False
654,Roussil,Feu,,409,59,59,58,90,70,73,6,False
655,Goupelin,Feu,Psy,534,75,69,72,114,100,104,6,False
656,Grenousse,Eau,,314,41,56,40,62,44,71,6,False
657,Croâporal,Eau,,405,54,63,52,83,56,97,6,False
658,Amphinobi,Eau,Tenebres,530,72,95,67,103,71,122,6,False
659,Saperlipopette,Normal,,237,38,36,38,32,36,57,6,False
660,Excavarenne,Normal,Sol,423,85,56,77,50,77,78,6,False
661,Passerouge,Normal,Vol,278,45,50,43,40,38,62,6,False
662,Braisillon,Feu,Vol,382,62,73,55,56,52,84,6,False
663,Flambusard,Feu,Vol,499,78,81,71,74,69,126,6,False
664,Lépiot,Insecte,,200,38,35,40,27,25,35,6,False
665,Péroreus,Insecte,,213,45,22,60,27,30,29,6,False
666,Prismillon,Insecte,Vol,411,80,52,50,90,50,89,6,False
667,Helionceau,Feu,Normal,369,62,50,58,73,54,72,6,False
668,Némélios,Feu,Normal,507,86,68,72,109,66,106,6,False
669,Flabébé,Fee,,303,44,38,39,61,79,42,6,False
670,Floette,Fee,,371,54,45,47,75,98,52,6,False
671,Florges,Fee,,552,78,65,68,112,154,75,6,False
672,Cabriolaine,Plante,,350,66,65,48,62,57,52,6,False
673,Chevroum,Plante,,531,123,100,62,97,81,68,6,False
674,Pandespiègle,Combat,,348,67,82,62,46,48,43,6,False
675,Pandarb,Combat,Tenebres,495,95,124,78,69,71,58,6,False
676,Couafarel,Normal,,472,75,80,60,65,90,102,6,False
677,Psystigri,Psy,,355,62,48,54,63,60,68,6,False
678,MeowsticMale,Psy,,466,74,48,76,83,81,104,6,False
678,MeowsticFemale,Psy,,466,74,48,76,83,81,104,6,False
679,Monorpale,Acier,Spectre,325,45,80,100,35,37,28,6,False
680,Dimoclès,Acier,Spectre,448,59,110,150,45,49,35,6,False
681,AegislashBlade Forme,Acier,Spectre,520,60,150,50,150,50,60,6,False
681,AegislashShield Forme,Acier,Spectre,520,60,50,150,50,150,60,6,False
682,Fluvetin,Fee,,341,78,52,60,63,65,23,6,False
683,Cocotine,Fee,,462,101,72,72,99,89,29,6,False
684,Sucroquin,Fee,,341,62,48,66,59,57,49,6,False
685,Cupcanaille,Fee,,480,82,80,86,85,75,72,6,False
686,Sepiatop,Tenebres,Psy,288,53,54,53,37,46,45,6,False
687,Sepiatroce,Tenebres,Psy,482,86,92,88,68,75,73,6,False
688,Opermine,Roche,Eau,306,42,52,67,39,56,50,6,False
689,Golgopathe,Roche,Eau,500,72,105,115,54,86,68,6,False
690,Venalgue,Poison,Eau,320,50,60,60,60,60,30,6,False
691,Kravarech,Poison,Dragon,494,65,75,90,97,123,44,6,False
692,Flingouste,Eau,,330,50,53,62,58,63,44,6,False
693,Gamblast,Eau,,500,71,73,88,120,89,59,6,False
694,Galvaran,Electrik,Normal,289,44,38,33,61,43,70,6,False
695,Iguolta,Electrik,Normal,481,62,55,52,109,94,109,6,False
696,Ptyranidur,Roche,Dragon,362,58,89,77,45,45,48,6,False
697,Rexillius,Roche,Dragon,521,82,121,119,69,59,71,6,False
698,Amagara,Roche,Glace,362,77,59,50,67,63,46,6,False
699,Dragmara,Roche,Glace,521,123,77,72,99,92,58,6,False
700,Nymphali,Fee,,525,95,65,65,110,130,60,6,False
701,Brutalanda,Combat,Vol,500,78,92,75,74,63,118,6,False
702,Dedenne,Electrik,Fee,431,67,58,57,81,67,101,6,False
703,Strassmin,Roche,Fee,500,50,50,150,50,150,50,6,False
704,Mucuscule,Dragon,,300,45,50,35,55,75,40,6,False
705,Colimucus,Dragon,,452,68,75,53,83,113,60,6,False
706,Muplodocus,Dragon,,600,90,100,70,110,150,80,6,False
707,Trousselin,Acier,Fee,470,57,80,91,80,87,75,6,False
708,Brocélôme,Spectre,Plante,309,43,70,48,50,60,38,6,False
709,Desséliande,Spectre,Plante,474,85,110,76,65,82,56,6,False
710,PumpkabooAverage Size,Spectre,Plante,335,49,66,70,44,55,51,6,False
710,PumpkabooSmall Size,Spectre,Plante,335,44,66,70,44,55,56,6,False
710,PumpkabooLarge Size,Spectre,Plante,335,54,66,70,44,55,46,6,False
710,PumpkabooSuper Size,Spectre,Plante,335,59,66,70,44,55,41,6,False
711,GourgeistAverage Size,Spectre,Plante,494,65,90,122,58,75,84,6,False
711,GourgeistSmall Size,Spectre,Plante,494,55,85,122,58,75,99,6,False
711,GourgeistLarge Size,Spectre,Plante,494,75,95,122,58,75,69,6,False
711,GourgeistSuper Size,Spectre,Plante,494,85,100,122,58,75,54,6,False
712,Grelaçon,Glace,,304,55,69,85,32,35,28,6,False
713,Séracrawl,Glace,,514,95,117,184,44,46,28,6,False
714,Sonistrelle,Vol,Dragon,245,40,30,35,45,40,55,6,False
715,Bruyverne,Vol,Dragon,535,85,70,80,97,80,123,6,False
716,Xerneas,Fee,,680,126,131,95,131,98,99,6,True
717,Yveltal,Tenebres,Vol,680,126,131,95,131,98,99,6,True
718,Zygarde50% Forme,Dragon,Sol,600,108,100,121,81,95,95,6,True
719,Diancie,Roche,Fee,600,50,100,150,100,150,50,6,True
719,DiancieMega Diancie,Roche,Fee,700,50,160,110,160,110,110,6,True
720,HoopaHoopa Confined,Psy,Spectre,600,80,110,60,150,130,70,6,True
720,HoopaHoopa Unbound,Psy,Tenebres,680,80,160,60,170,130,80,6,True
721,Volcanion,Feu,Eau,600,80,110,120,130,90,70,6,True
19,Rattata d Alola,Normal,Tenebres,253,30,56,35,25,35,72,1,False
20,Rattatac d Alola,Normal,Tenebres,413,65,110,60,50,50,72,1,False
26,Raichu d Alola,Electrik,Psy,485,60,90,55,90,80,110,1,False
27,Sabelette d Alola,Glace,Acier,507,50,75,60,50,50,72,1,False
28,Sablaireau d Alola,Glace,Acier,507,50,75,60,50,50,72,1,False
37,Goupix d Alola,Glace,,299,38,41,40,50,65,65,1,False
38,Feunard d Alola,Glace,,505,73,67,75,81,100,100,1,False
50,Taupiqueur d Alola,Sol,Acier,251,10,40,100,30,45,70,1,False
51,Triopikeur d Alola,Sol,Acier,471,35,60,130,50,65,100,1,False
52,Miaouss de Galar,Acier,,413,70,65,65,55,55,90,1,False
53,Persian de Galar,Acier,,532,70,95,115,60,65,90,1,False
52,Miaouss d Alola,Tenebres,,413,70,65,65,55,55,90,1,False
53,Persian d Alola,Tenebres,,532,70,95,115,60,65,90,1,False
58,Caninos de Hisui,Feu,Roche,350,55,70,45,70,50,60,1,False
59,Acarnin de Hisui,Feu,Roche,500,75,90,70,110,80,95,1,False
74,Racaillou d Alola,Roche,Electrik,362,40,80,100,30,30,20,1,False
75,Gravalanch d Alola,Roche,Electrik,462,55,95,115,45,45,35,1,False
76,Grolem d Alola,Roche,Electrik,562,70,120,130,55,65,45,1,False
77,Ponyta de Galar,Psy,Fee,465,50,85,55,65,65,90,1,False
78,Galopa de Galar,Psy,Fee,600,65,100,70,80,80,105,1,False
79,Ramoloss de Galar,Psy,Eau,315,90,65,65,40,40,15,1,False
80,Flagadoss de Galar,Poison,Psy,490,80,90,70,60,60,70,1,False
83,Canarticho de Galar,Combat,Vol,490,70,110,70,60,60,100,1,False
88,Tadmorv d Alola,Poison,Tenebres,305,50,50,60,40,40,50,1,False
89,Grotadmorv d Alola,Poison,Tenebres,505,80,80,90,60,60,80,1,False
100,Voltorbe de Hisui,Electrik,Plante,370,40,30,50,55,40,50,1,False
101,Electrode de Hisui,Electrik,Plante,520,60,50,70,80,60,100,1,False
103,Noadkoko d Alola,Plante,Dragon,605,95,105,120,70,85,60,1,False
105,Ossatueur d Alola,Feu,Spectre,490,80,90,70,60,60,70,1,False
110,Smogogo de Galar,Poison,Fee,490,80,90,70,60,60,70,1,False
122,M.Mime de Galar,Glace,Psy,460,60,60,60,100,120,70,1,False
144,Artikodin de Galar,Psy,Vol,580,90,85,100,125,100,95,1,False
145,Electhor de Galar,Combat,Vol,580,90,90,85,125,100,100,1,False
146,Sulfura de Galar,Tenebres,Vol,580,90,90,85,125,100,100,1,False
